<?xml version="1.0" encoding="UTF-8"?>
<!DOCTYPE fontscolors PUBLIC "-//NetBeans//DTD Editor Fonts and Colors settings 1.2//EN" "https://netbeans.apache.org/dtds/EditorFontsColors-1_2.dtd">
<fontscolors>
    <fontcolor foreColor="fffd971f" name="nbeditor-bracesMatching-match"/>
    <fontcolor bgColor="ffffffe0" name="coverage-partial"/>
    <fontcolor foreColor="ff49483e" name="text-limit-line-color"/>
    <fontcolor foreColor="ff75715e" name="code-folding"/>
    <fontcolor foreColor="ffcc0099" name="synchronized-text-blocks-ext"/>
    <fontcolor bgColor="ff8b0807" name="nbeditor-bracesMatching-mismatch"/>
    <fontcolor name="highlight-caret-row"/>
    <fontcolor foreColor="fff8f8f0" name="caret-color-overwrite-mode"/>
    <fontcolor name="status-bar"/>
    <fontcolor bgColor="ffccffcc" name="coverage-covered"/>
    <fontcolor name="guarded"/>
    <fontcolor name="trailing-whitespace"/>
    <fontcolor bgColor="ffe0ffe0" name="coverage-inferred"/>
    <fontcolor bgColor="ff8b0807" name="nbeditor-bracesMatching-mismatch-multichar"/>
    <fontcolor bgColor="fff5f5f5" foreColor="ffb4b4b4" name="remove-surround-code-delete"/>
    <fontcolor foreColor="ffcccccc" name="code-folding-border"/>
    <fontcolor name="west-sidebars-color"/>
    <fontcolor foreColor="red" name="status-bar-bold"/>
    <fontcolor foreColor="fffd971f" name="nbeditor-bracesMatching-sidebar"/>
    <fontcolor foreColor="ff90908a" name="line-number"/>
    <fontcolor bgColor="darkGray" name="readonly-files"/>
    <fontcolor bgColor="fffd971f" foreColor="ff272822" name="highlight-search"/>
    <fontcolor foreColor="ff49483e" name="code-folding-bar"/>
    <fontcolor foreColor="ff996600" name="synchronized-text-blocks-ext-slave"/>
    <fontcolor foreColor="ff49483e" name="indent-guide-lines"/>
    <fontcolor name="indent-whitespace"/>
    <fontcolor bgColor="fffd971f" name="block-search"/>
    <fontcolor bgColor="fffac863" foreColor="ff1b313f" name="selection"/>
    <fontcolor bgColor="ffffcccc" name="coverage-uncovered"/>
    <fontcolor bgColor="ffe6db74" foreColor="ff272822" name="inc-search"/>
    <fontcolor bgColor="ffccffcc" name="remove-surround-code-remain"/>
    <fontcolor foreColor="ff1b313f" name="nbeditor-bracesMatching-match-multichar"/>
    <fontcolor foreColor="fff8f8f0" name="caret-color-insert-mode"/>
    <fontcolor foreColor="orange" name="hyperlinks" underline="yellow"/>
</fontscolors>
